title,slug,url,folder,js,pdf
May The Third Be With You,5320,https://crossword.info/dailythunder/5320,crosswords_archive/5320,5320_xml.js,5320.pdf
A Whole New Game,A_Whole_New_Game,https://crossword.info/dailythunder/A_Whole_New_Game,crosswords_archive/A_Whole_New_Game,A_Whole_New_Game_xml.js,A_Whole_New_Game.pdf
All Over the Map,All_Over_the_Map,https://crossword.info/dailythunder/All_Over_the_Map,crosswords_archive/All_Over_the_Map,All_Over_the_Map_xml.js,All_Over_the_Map.pdf
April 10 Mini,April_10_Mini,https://crossword.info/dailythunder/April_10_Mini,crosswords_archive/April_10_Mini,April_10_Mini_xml.js,April_10_Mini.pdf
April 18 Mini,April_18_Mini,https://crossword.info/dailythunder/April_18_Mini,crosswords_archive/April_18_Mini,April_18_Mini_xml.js,April_18_Mini.pdf
April 25 Mini,April_25_mini,https://crossword.info/dailythunder/April_25_mini,crosswords_archive/April_25_mini,April_25_mini_xml.js,April_25_mini.pdf
AS Is,AS_Is,https://crossword.info/dailythunder/AS_Is,crosswords_archive/AS_Is,AS_Is_xml.js,AS_Is.pdf
Block Party,Block_Party,https://crossword.info/dailythunder/Block_Party,crosswords_archive/Block_Party,Block_Party_xml.js,Block_Party.pdf
Cha-Ching,ChaChing,https://crossword.info/dailythunder/ChaChing,crosswords_archive/ChaChing,ChaChing_xml.js,ChaChing.pdf
Chicago Style,Chicago_Style,https://crossword.info/dailythunder/Chicago_Style,crosswords_archive/Chicago_Style,Chicago_Style_xml.js,Chicago_Style.pdf
Crass,Crass,https://crossword.info/dailythunder/Crass,crosswords_archive/Crass,Crass_xml.js,Crass.pdf
Dadding,Dadding,https://crossword.info/dailythunder/Dadding,crosswords_archive/Dadding,Dadding_xml.js,Dadding.pdf
Deep Cuts,Deep_Cuts,https://crossword.info/dailythunder/Deep_Cuts,crosswords_archive/Deep_Cuts,Deep_Cuts_xml.js,Deep_Cuts.pdf
Falling_Backwards,Falling_Backwards,https://crossword.info/dailythunder/Falling_Backwards,crosswords_archive/Falling_Backwards,Falling_Backwards_xml.js,
Fast Pass,Fast_Pass,https://crossword.info/dailythunder/Fast_Pass,crosswords_archive/Fast_Pass,Fast_Pass_xml.js,Fast_Pass.pdf
Finally,Finally,https://crossword.info/dailythunder/Finally,crosswords_archive/Finally,Finally_xml.js,Finally.pdf
First Namez,First_Names_Mini,https://crossword.info/dailythunder/First_Names_Mini,crosswords_archive/First_Names_Mini,First_Names_Mini_xml.js,First_Names_Mini.pdf
First Namez,First_Namez,https://crossword.info/dailythunder/First_Namez,crosswords_archive/First_Namez,First_Namez_xml.js,First_Namez.pdf
"Great, Full",Great_Full,https://crossword.info/dailythunder/Great_Full,crosswords_archive/Great_Full,Great_Full_xml.js,Great_Full.pdf
Full Heart,Heart_1,https://crossword.info/dailythunder/Heart_1,crosswords_archive/Heart_1,Heart_1_xml.js,Heart_1.pdf
Holidaze,Holidaze,https://crossword.info/dailythunder/Holidaze,crosswords_archive/Holidaze,Holidaze_xml.js,Holidaze.pdf
Homing In,Homing_In,https://crossword.info/dailythunder/Homing_In,crosswords_archive/Homing_In,Homing_In_xml.js,Homing_In.pdf
In Diamond,In_Diamond,https://crossword.info/dailythunder/In_Diamond,crosswords_archive/In_Diamond,In_Diamond_xml.js,In_Diamond.pdf
Independence Play,Independece_Play,https://crossword.info/dailythunder/Independece_Play,crosswords_archive/Independece_Play,Independece_Play_xml.js,Independece_Play.pdf
It's All Connected,Its_All_Connected,https://crossword.info/dailythunder/Its_All_Connected,crosswords_archive/Its_All_Connected,Its_All_Connected_xml.js,Its_All_Connected.pdf
The Jordan Clues,Jordan_Clues,https://crossword.info/dailythunder/Jordan_Clues,crosswords_archive/Jordan_Clues,Jordan_Clues_xml.js,Jordan_Clues.pdf
Jordan Rivals,Jordan_Rivals,https://crossword.info/dailythunder/Jordan_Rivals,crosswords_archive/Jordan_Rivals,Jordan_Rivals_xml.js,Jordan_Rivals.pdf
June 13 Mini,June_13_Mini,https://crossword.info/dailythunder/June_13_Mini,crosswords_archive/June_13_Mini,June_13_Mini_xml.js,June_13_Mini.pdf
June 6 Mini,June_6_Mini,https://crossword.info/dailythunder/June_6_Mini,crosswords_archive/June_6_Mini,June_6_Mini_xml.js,June_6_Mini.pdf
Laboring,Laboring,https://crossword.info/dailythunder/Laboring,crosswords_archive/Laboring,Laboring_xml.js,Laboring.pdf
"March 14 Mini March 14, 2021",March_14_Mini,https://crossword.info/dailythunder/March_14_Mini,crosswords_archive/March_14_Mini,March_14_Mini_xml.js,March_14_Mini.pdf
"March 21 Mini March 21, 2021",March_21_Mini,https://crossword.info/dailythunder/March_21_Mini,crosswords_archive/March_21_Mini,March_21_Mini_xml.js,March_21_Mini.pdf
May 16 Mini,May_16_Mini,https://crossword.info/dailythunder/May_16_Mini,crosswords_archive/May_16_Mini,May_16_Mini_xml.js,May_16_Mini.pdf
May 2 Mini,May_2_Mini,https://crossword.info/dailythunder/May_2_Mini,crosswords_archive/May_2_Mini,May_2_Mini_xml.js,May_2_Mini.pdf
May 29 Mini,May_29_Mini,https://crossword.info/dailythunder/May_29_Mini,crosswords_archive/May_29_Mini,May_29_Mini_xml.js,May_29_Mini.pdf
Messin' with Texas,Messin_with_Texas,https://crossword.info/dailythunder/Messin_with_Texas,crosswords_archive/Messin_with_Texas,Messin_with_Texas_xml.js,Messin_with_Texas.pdf
MJ Mini,MJ_Mini,https://crossword.info/dailythunder/MJ_Mini,crosswords_archive/MJ_Mini,MJ_Mini_xml.js,MJ_Mini.pdf
Mother's Day,Mothers_Day,https://crossword.info/dailythunder/Mothers_Day,crosswords_archive/Mothers_Day,Mothers_Day_xml.js,Mothers_Day.pdf
Mother's Mini,Mothers_Mini,https://crossword.info/dailythunder/Mothers_Mini,crosswords_archive/Mothers_Mini,Mothers_Mini_xml.js,Mothers_Mini.pdf
Mound,Mound,https://crossword.info/dailythunder/Mound,crosswords_archive/Mound,Mound_xml.js,Mound.pdf
Naming Names,Naming_Names,https://crossword.info/dailythunder/Naming_Names,crosswords_archive/Naming_Names,Naming_Names_xml.js,Naming_Names.pdf
Numbers One,Numbers_One,https://crossword.info/dailythunder/Numbers_One,crosswords_archive/Numbers_One,Numbers_One_xml.js,Numbers_One.pdf
Out There,Out_There,https://crossword.info/dailythunder/Out_There,crosswords_archive/Out_There,Out_There_xml.js,Out_There.pdf
Past and Present,Past_and_Present,https://crossword.info/dailythunder/Past_and_Present,crosswords_archive/Past_and_Present,Past_and_Present_xml.js,Past_and_Present.pdf
Plan B,Plan_B,https://crossword.info/dailythunder/Plan_B,crosswords_archive/Plan_B,Plan_B_xml.js,Plan_B.pdf
Potpourri,Potpourri,https://crossword.info/dailythunder/Potpourri,crosswords_archive/Potpourri,Potpourri_xml.js,Potpourri.pdf
Puzzill,Puzzill,https://crossword.info/dailythunder/Puzzill,crosswords_archive/Puzzill,Puzzill_xml.js,Puzzill.pdf
Rap Around,Rap_Around,https://crossword.info/dailythunder/Rap_Around,crosswords_archive/Rap_Around,Rap_Around_xml.js,Rap_Around.pdf
Risen,Risen,https://crossword.info/dailythunder/Risen,crosswords_archive/Risen,Risen_xml.js,Risen.pdf
Scaling,Scaling,https://crossword.info/dailythunder/Scaling,crosswords_archive/Scaling,Scaling_xml.js,Scaling.pdf
Seedy,Seedy,https://crossword.info/dailythunder/Seedy,crosswords_archive/Seedy,Seedy_xml.js,Seedy.pdf
Short Corners,Short_Corners,https://crossword.info/dailythunder/Short_Corners,crosswords_archive/Short_Corners,Short_Corners_xml.js,Short_Corners.pdf
Sources,Sources,https://crossword.info/dailythunder/Sources,crosswords_archive/Sources,Sources_xml.js,Sources.pdf
Spooky,Spooky,https://crossword.info/dailythunder/Spooky,crosswords_archive/Spooky,Spooky_xml.js,Spooky.pdf
"Mini: December 6, 2020",Sunday_Mini_December_6_2020,https://crossword.info/dailythunder/Sunday_Mini_December_6_2020,crosswords_archive/Sunday_Mini_December_6_2020,Sunday_Mini_December_6_2020_xml.js,Sunday_Mini_December_6_2020.pdf
"Sunday Mini February 28, 2021",Sunday_Mini_February_28_2021,https://crossword.info/dailythunder/Sunday_Mini_February_28_2021,crosswords_archive/Sunday_Mini_February_28_2021,Sunday_Mini_February_28_2021_xml.js,Sunday_Mini_February_28_2021.pdf
"Sunday Mini January 10, 2021",Sunday_Mini_January_10_2021,https://crossword.info/dailythunder/Sunday_Mini_January_10_2021,crosswords_archive/Sunday_Mini_January_10_2021,Sunday_Mini_January_10_2021_xml.js,Sunday_Mini_January_10_2021.pdf
"Sunday Mini January 3, 2021",Sunday_Mini_January_3_2021,https://crossword.info/dailythunder/Sunday_Mini_January_3_2021,crosswords_archive/Sunday_Mini_January_3_2021,Sunday_Mini_January_3_2021_xml.js,Sunday_Mini_January_3_2021.pdf
"Mini: June 7, 2020",Sunday_Mini_June_7_2020,https://crossword.info/dailythunder/Sunday_Mini_June_7_2020,crosswords_archive/Sunday_Mini_June_7_2020,Sunday_Mini_June_7_2020_xml.js,Sunday_Mini_June_7_2020.pdf
"Mini: May 17, 2020",Sunday_Mini_May_17_2020,https://crossword.info/dailythunder/Sunday_Mini_May_17_2020,crosswords_archive/Sunday_Mini_May_17_2020,Sunday_Mini_May_17_2020_xml.js,Sunday_Mini_May_17_2020.pdf
Sunday Pretzel,Sunday_Pretzel,https://crossword.info/dailythunder/Sunday_Pretzel,crosswords_archive/Sunday_Pretzel,Sunday_Pretzel_xml.js,
"Sunday Stew - June 28, 2020",Sunday_Stew__June_28_2020,https://crossword.info/dailythunder/Sunday_Stew__June_28_2020,crosswords_archive/Sunday_Stew__June_28_2020,Sunday_Stew__June_28_2020_xml.js,Sunday_Stew__June_28_2020.pdf
The Chain,The_Chain,https://crossword.info/dailythunder/The_Chain,crosswords_archive/The_Chain,The_Chain_xml.js,The_Chain.pdf
The Mini Monty,The_Mini_Monty,https://crossword.info/dailythunder/The_Mini_Monty,crosswords_archive/The_Mini_Monty,The_Mini_Monty_xml.js,The_Mini_Monty.pdf
The Long and Short of It,The_Short_and_Long_of_It,https://crossword.info/dailythunder/The_Short_and_Long_of_It,crosswords_archive/The_Short_and_Long_of_It,The_Short_and_Long_of_It_xml.js,The_Short_and_Long_of_It.pdf
Thunder Past,Thunder_Past,https://crossword.info/dailythunder/Thunder_Past,crosswords_archive/Thunder_Past,Thunder_Past_xml.js,Thunder_Past.pdf
Time and Place,Time_and_Place,https://crossword.info/dailythunder/Time_and_Place,crosswords_archive/Time_and_Place,Time_and_Place_xml.js,Time_and_Place.pdf
Two Forward,Two_Forward,https://crossword.info/dailythunder/Two_Forward,crosswords_archive/Two_Forward,Two_Forward_xml.js,Two_Forward.pdf
Uniform,Uniform,https://crossword.info/dailythunder/Uniform,crosswords_archive/Uniform,Uniform_xml.js,Uniform.pdf
Wee Men,Wee_Men,https://crossword.info/dailythunder/Wee_Men,crosswords_archive/Wee_Men,Wee_Men_xml.js,Wee_Men.pdf
X'd Out,Xd_Out,https://crossword.info/dailythunder/Xd_Out,crosswords_archive/Xd_Out,Xd_Out_xml.js,Xd_Out.pdf
